airport,city,current_time,flight,humiditiy,icon,latitude,longitude,name,offset,state,summary,temperature
Hartsfield-Jackson Atlanta International Airport,Atlanta,07:27,950,91.0,fog,33.640440000000005,-84.42694,ATL,-5,GA,Foggy,14.42
Chicago O'Hare International Airport,Chicago,06:27,783,66.0,partly-cloudy-night,41.9796,-87.90446,ORD,-6,IL,Mostly Cloudy,1.69
Dallas/Fort Worth International Airport,Dallas-Fort Worth,06:27,656,43.0,partly-cloudy-night,32.89595,-97.0372,DFW,-6,TX,Mostly Cloudy,9.43
Denver International Airport,Denver,05:27,537,62.0,clear-night,39.85841,-104.667,DEN,-7,CO,Clear,-7.99
Los Angeles International Airport,Los Angeles,04:27,533,21.0,clear-night,33.94254,-118.40807,LAX,-8,CA,Clear,12.58
San Francisco International Airport,San Francisco,04:27,406,42.0,clear-night,37.619,-122.37483999999999,SFO,-8,CA,Clear,8.94
Phoenix Sky Harbor International Airport,Phoenix,05:27,402,28.000000000000004,partly-cloudy-night,33.43417,-112.00806000000001,PHX,-7,AZ,Mostly Cloudy,10.42
George Bush Intercontinental Airport,Houston,06:27,402,94.0,partly-cloudy-night,29.98047,-95.33972,IAH,-6,TX,Partly Cloudy,20.62
McCarran International Airport,Las Vegas,04:27,365,28.000000000000004,clear-night,36.08036,-115.15233,LAS,-8,NV,Clear,5.15
Minneapolis-Saint Paul International Airport,Minneapolis,06:27,307,70.0,clear-night,44.88055,-93.21692,MSP,-6,MN,Clear,-6.58
Orlando International Airport,Orlando,07:27,304,94.0,clear-day,28.428890000000003,-81.31603,MCO,-5,FL,Clear,17.32
Seattle-Tacoma International Airport,Seattle,04:27,304,91.0,partly-cloudy-night,47.44898,-122.30931000000001,SEA,-8,WA,Mostly Cloudy,0.82
Detroit Metropolitan Airport,Detroit,07:27,297,76.0,cloudy,42.21206,-83.34884,DTW,-5,MI,Overcast,10.83
Gen. Edward Lawrence Logan International Airport,Boston,07:27,295,81.0,partly-cloudy-day,42.36435,-71.00518000000001,BOS,-5,MA,Partly Cloudy,4.15
Newark Liberty International Airport,Newark,07:27,279,80.0,partly-cloudy-day,40.6925,-74.16866,EWR,-5,NJ,Partly Cloudy,11.35
Charlotte Douglas International Airport,Charlotte,07:27,275,84.0,partly-cloudy-day,35.214009999999995,-80.94313000000001,CLT,-5,NC,Mostly Cloudy,9.82
LaGuardia Airport (Marine Air Terminal),New York,07:27,273,78.0,partly-cloudy-day,40.77724,-73.87261,LGA,-5,NY,Partly Cloudy,11.81
Salt Lake City International Airport,Salt Lake City,05:27,266,74.0,clear-night,40.78839,-111.97776999999999,SLC,-7,UT,Clear,-6.66
John F. Kennedy International Airport (New York International Airport),New York,07:27,257,81.0,partly-cloudy-day,40.63975,-73.77893,JFK,-5,NY,Mostly Cloudy,11.43
Baltimore-Washington International Airport,Baltimore,07:27,236,100.0,partly-cloudy-day,39.1754,-76.6682,BWI,-5,MD,Mostly Cloudy,6.98
Chicago Midway International Airport,Chicago,06:27,222,63.0,partly-cloudy-night,41.78598,-87.75242,MDW,-6,IL,Mostly Cloudy,2.69
Ronald Reagan Washington National Airport,Arlington,07:27,202,90.0,cloudy,38.85208,-77.03772,DCA,-5,VA,Overcast,8.77
Fort Lauderdale-Hollywood International Airport,Ft. Lauderdale,07:27,202,82.0,partly-cloudy-day,26.07258,-80.15275,FLL,-5,FL,Partly Cloudy,23.16
San Diego International Airport (Lindbergh Field),San Diego,04:27,192,42.0,clear-night,32.73356,-117.18966,SAN,-8,CA,Clear,9.74
Miami International Airport,Miami,07:27,190,81.0,partly-cloudy-day,25.79325,-80.29056,MIA,-5,FL,Partly Cloudy,22.83
Philadelphia International Airport,Philadelphia,07:27,181,93.0,partly-cloudy-day,39.87195,-75.24114,PHL,-5,PA,Mostly Cloudy,9.71
Tampa International Airport,Tampa,07:27,175,89.0,clear-day,27.97547,-82.53325,TPA,-5,FL,Clear,18.63
Dallas Love Field,Dallas,06:28,164,44.0,partly-cloudy-night,32.84711,-96.85177,DAL,-6,TX,Mostly Cloudy,9.9
William P. Hobby Airport,Houston,06:28,143,98.0,partly-cloudy-night,29.64542,-95.27889,HOU,-6,TX,Mostly Cloudy,20.34
Nashville International Airport,Nashville,06:28,130,86.0,rain,36.12448,-86.67818,BNA,-6,TN,Light Rain,16.3
Portland International Airport,Portland,04:28,129,92.0,partly-cloudy-night,45.58872,-122.5975,PDX,-8,OR,Mostly Cloudy,1.48
St. Louis International Airport at Lambert Field,St Louis,06:28,129,65.0,partly-cloudy-night,38.747690000000006,-90.35999,STL,-6,MO,Partly Cloudy,1.41
Honolulu International Airport,Honolulu,02:28,118,66.0,partly-cloudy-night,21.31869,-157.92241,HNL,-10,HI,Mostly Cloudy,22.58
Oakland International Airport,Oakland,04:28,116,40.0,clear-night,37.72129,-122.22072,OAK,-8,CA,Clear,8.58
Austin-Bergstrom International Airport,Austin,06:28,115,79.0,wind,30.19453,-97.66986999999999,AUS,-6,TX,Breezy and Overcast,17.38
Louis Armstrong New Orleans International Airport,New Orleans,06:28,106,93.0,partly-cloudy-night,29.99339,-90.25803,MSY,-6,LA,Partly Cloudy,20.0
Kansas City International Airport,Kansas City,06:28,106,54.0,clear-night,39.29761,-94.71391,MCI,-6,MO,Clear,-2.03
Norman Y. Mineta San José International Airport,San Jose,04:28,105,41.0,clear-night,37.36186,-121.92901,SJC,-8,CA,Clear,6.84
Sacramento International Airport,Sacramento,04:28,102,48.0,clear-night,38.69542,-121.59076999999999,SMF,-8,CA,Clear,6.61
John Wayne Airport (Orange County Airport),Santa Ana,04:28,102,18.0,clear-night,33.67566,-117.86822,SNA,-8,CA,Clear,13.76
Cleveland Hopkins International Airport,Cleveland,07:28,95,88.0,cloudy,41.41089,-81.8494,CLE,-5,OH,Overcast,10.73
Washington Dulles International Airport,Chantilly,07:28,94,90.0,rain,38.94453,-77.45581,IAD,-5,VA,Light Rain,7.88
Raleigh-Durham International Airport,Raleigh,07:28,87,95.0,partly-cloudy-day,35.87764,-78.78747,RDU,-5,NC,Partly Cloudy,6.88
General Mitchell International Airport,Milwaukee,06:28,82,67.0,partly-cloudy-night,42.94722,-87.89658,MKE,-6,WI,Mostly Cloudy,1.09
San Antonio International Airport,San Antonio,06:28,82,87.0,cloudy,29.533690000000004,-98.46978,SAT,-6,TX,Overcast,18.94
Southwest Florida International Airport,Ft. Myers,07:28,75,94.0,clear-day,26.536170000000002,-81.75516999999999,RSW,-5,FL,Clear,18.59
Indianapolis International Airport,Indianapolis,07:28,70,71.0,partly-cloudy-night,39.71733,-86.29438,IND,-5,IN,Partly Cloudy,3.65
Luis Muñoz Marín International Airport,San Juan,08:28,68,90.0,clear-day,18.439420000000002,-66.00183,SJU,-4,PR,Humid,26.32
Port Columbus International Airport,Columbus,07:28,66,88.0,partly-cloudy-night,39.99799,-82.89188,CMH,-5,OH,Mostly Cloudy,12.31
Pittsburgh International Airport,Pittsburgh,07:28,66,71.0,rain,40.49147,-80.23286999999999,PIT,-5,PA,Drizzle,9.87
Palm Beach International Airport,West Palm Beach,07:28,62,76.0,clear-day,26.683159999999997,-80.09559,PBI,-5,FL,Clear,23.11
Kahului Airport,Kahului,02:28,57,75.0,partly-cloudy-night,20.89865,-156.43046,OGG,-10,HI,Partly Cloudy,21.08
Cincinnati/Northern Kentucky International Airport,Covington,07:28,55,90.0,partly-cloudy-night,39.04614,-84.66216999999999,CVG,-5,KY,Partly Cloudy,12.27
Albuquerque International Sunport,Albuquerque,05:28,53,32.0,partly-cloudy-night,35.04022,-106.60918999999998,ABQ,-7,NM,Partly Cloudy,0.87
Bob Hope Airport (Hollywood Burbank Airport),Burbank,04:28,52,16.0,clear-night,34.20062,-118.3585,BUR,-8,CA,Clear,12.12
Bradley International Airport,Windsor Locks,07:28,52,88.0,cloudy,41.93887,-72.68323000000001,BDL,-5,CT,Overcast,5.42
Jacksonville International Airport,Jacksonville,07:28,49,96.0,partly-cloudy-day,30.494059999999998,-81.68786,JAX,-5,FL,Mostly Cloudy,16.09
Ontario International Airport,Ontario,04:28,49,19.0,clear-night,34.056,-117.60118999999999,ONT,-8,CA,Clear,10.8
Buffalo Niagara International Airport,Buffalo,07:28,46,87.0,rain,42.94052,-78.73217,BUF,-5,NY,Light Rain,8.74
Eppley Airfield,Omaha,06:28,46,49.0,clear-night,41.30252,-95.89416999999999,OMA,-6,NE,Clear,-2.3
Will Rogers World Airport,Oklahoma City,06:28,44,28.999999999999996,partly-cloudy-night,35.39309,-97.60073,OKC,-6,OK,Mostly Cloudy,2.33
Ted Stevens Anchorage International Airport,Anchorage,03:28,44,84.0,partly-cloudy-night,61.174319999999994,-149.99618999999998,ANC,-9,AK,Mostly Cloudy,1.77
Richmond International Airport,Richmond,07:28,42,98.0,partly-cloudy-day,37.50517,-77.31967,RIC,-5,VA,Partly Cloudy,7.95
Tucson International Airport,Tucson,05:28,41,48.0,partly-cloudy-night,32.11608,-110.94103,TUS,-7,AZ,Partly Cloudy,11.66
Memphis International Airport,Memphis,06:28,40,89.0,rain,35.04242,-89.97667,MEM,-6,TN,Light Rain,9.3
Tulsa International Airport,Tulsa,06:28,38,42.0,partly-cloudy-night,36.198370000000004,-95.88824,TUL,-6,OK,Partly Cloudy,1.92
Reno/Tahoe International Airport,Reno,04:28,36,77.0,clear-night,39.49858,-119.76806,RNO,-8,NV,Clear,-7.53
Birmingham-Shuttlesworth International Airport,Birmingham,06:28,34,91.0,partly-cloudy-night,33.562940000000005,-86.75355,BHM,-6,AL,Mostly Cloudy,16.45
El Paso International Airport,El Paso,05:28,33,45.0,partly-cloudy-night,31.80667,-106.37781000000001,ELP,-7,TX,Mostly Cloudy,9.69
Charleston International Airport/Charleston AFB,Charleston,07:28,32,95.0,partly-cloudy-day,32.89865,-80.04051,CHS,-5,SC,Partly Cloudy,12.46
Boise Airport (Boise Air Terminal),Boise,05:28,32,80.0,clear-night,43.564440000000005,-116.22278,BOI,-7,ID,Clear,-4.47
Kona International Airport at Keahole,Kailua/Kona,02:28,30,56.99999999999999,clear-night,19.738770000000002,-156.04563000000002,KOA,-10,HI,Clear,21.77
Theodore Francis Green State Airport,Providence,07:28,30,82.0,cloudy,41.724,-71.42822,PVD,-5,RI,Overcast,6.06
Gerald R. Ford International Airport,Grand Rapids,07:28,30,71.0,partly-cloudy-night,42.88082,-85.52277,GRR,-5,MI,Mostly Cloudy,3.62
Lihue Airport,Lihue,02:28,29,86.0,rain,21.97598,-159.33896000000001,LIH,-10,HI,Drizzle and Breezy,20.46
Bill and Hillary Clinton National Airport (Adams Field),Little Rock,06:28,29,66.0,cloudy,34.7294,-92.22425,LIT,-6,AR,Overcast,9.1
Louisville International Airport (Standiford Field),Louisville,07:28,28,86.0,partly-cloudy-night,38.17439,-85.736,SDF,-5,KY,Partly Cloudy,13.09
Spokane International Airport,Spokane,04:28,26,94.0,clear-night,47.619859999999996,-117.53383999999998,GEG,-8,WA,Clear,-4.88
Norfolk International Airport,Norfolk,07:28,26,81.0,partly-cloudy-day,36.89461,-76.20121999999999,ORF,-5,VA,Mostly Cloudy,14.93
Northwest Arkansas Regional Airport,Fayetteville/Springdale/Rogers,06:28,25,62.0,partly-cloudy-night,36.28187,-94.30681,XNA,-6,AR,Partly Cloudy,0.96
Dane County Regional Airport,Madison,06:28,25,72.0,partly-cloudy-night,43.13986,-89.33751,MSN,-6,WI,Mostly Cloudy,-1.89
Palm Springs International Airport,Palm Springs,04:28,25,15.0,clear-night,33.82922,-116.50625,PSP,-8,CA,Clear,11.98
Long Beach Airport (Daugherty Field),Long Beach,04:28,24,20.0,clear-night,33.81772,-118.15161,LGB,-8,CA,Clear,12.78
James M. Cox Dayton International Airport,Dayton,07:28,24,87.0,partly-cloudy-night,39.90238,-84.21938,DAY,-5,OH,Mostly Cloudy,11.08
Des Moines International Airport,Des Moines,06:28,23,57.99999999999999,clear-night,41.534929999999996,-93.66068,DSM,-6,IA,Clear,-2.42
Wichita Dwight D. Eisenhower National Airport (Wichita Mid-Continent Airport),Wichita,06:28,22,40.0,partly-cloudy-night,37.64996,-97.43305,ICT,-6,KS,Partly Cloudy,-0.96
Savannah/Hilton Head International Airport,Savannah,07:28,21,98.0,fog,32.12758,-81.20214,SAV,-5,GA,Foggy,15.61
Midland International Airport,Midland,06:28,21,46.0,wind,31.942529999999998,-102.20191,MAF,-6,TX,Breezy,4.12
Albany International Airport,Albany,07:28,20,82.0,cloudy,42.74812,-73.80298,ALB,-5,NY,Overcast,7.24
Greater Rochester International Airport,Rochester,07:28,20,79.0,rain,43.11887,-77.67238,ROC,-5,NY,Light Rain,8.54
Westchester County Airport,White Plains,07:28,20,85.0,partly-cloudy-day,41.066959999999995,-73.70756999999999,HPN,-5,NY,Mostly Cloudy,9.69
Baton Rouge Metropolitan Airport,Baton Rouge,06:28,20,98.0,fog,30.53316,-91.14963,BTR,-6,LA,Foggy,18.02
Jackson-Evers International Airport,Jackson,06:28,19,86.0,partly-cloudy-night,32.311170000000004,-90.07589,JAN,-6,MS,Mostly Cloudy,20.8
Fresno Yosemite International Airport,Fresno,04:28,19,78.0,clear-night,36.77619,-119.71813999999999,FAT,-8,CA,Clear,1.03
McGhee Tyson Airport,Knoxville,07:28,19,82.0,partly-cloudy-night,35.812490000000004,-83.99286,TYS,-5,TN,Partly Cloudy,13.01
City of Colorado Springs Municipal Airport,Colorado Springs,05:28,19,65.0,clear-night,38.80581,-104.70025,COS,-7,CO,Clear,-10.2
The Eastern Iowa Airport,Cedar Rapids,06:28,19,59.0,clear-night,41.88459,-91.71087,CID,-6,IA,Clear,-2.93
Piedmont Triad International Airport,Greensboro,07:28,18,94.0,partly-cloudy-day,36.09775,-79.9373,GSO,-5,NC,Mostly Cloudy,5.47
Greenville-Spartanburg International Airport,Greer,07:28,18,86.0,partly-cloudy-day,34.89567,-82.21885999999999,GSP,-5,SC,Mostly Cloudy,10.29
Pensacola International Airport (Pensacola Gulf Coast Regional Airport),Pensacola,06:28,18,90.0,clear-night,30.473309999999998,-87.18744000000001,PNS,-6,FL,Clear,20.33
Manchester-Boston Regional Airport,Manchester,07:28,17,86.0,cloudy,42.93452,-71.43706,MHT,-5,NH,Overcast,2.53
Springfield-Branson National Airport,Springfield,06:28,17,64.0,partly-cloudy-night,37.24433,-93.38686,SGF,-6,MO,Partly Cloudy,-0.28
Akron-Canton Regional Airport,Akron,07:28,17,78.0,rain,40.916309999999996,-81.44247,CAK,-5,OH,Light Rain,10.86
Shreveport Regional Airport,Shreveport,06:28,17,86.0,partly-cloudy-night,32.44663,-93.8256,SHV,-6,LA,Mostly Cloudy,13.37
Santa Barbara Municipal Airport (Santa Barbara Airport),Santa Barbara,04:28,16,35.0,clear-night,34.42621,-119.84037,SBA,-8,CA,Clear,7.21
Blue Grass Airport,Lexington,07:28,16,87.0,rain,38.036970000000004,-84.60539,LEX,-5,KY,Light Rain,14.67
Hilo International Airport,Hilo,02:28,16,75.0,partly-cloudy-night,19.72026,-155.04847,ITO,-10,HI,Partly Cloudy,19.62
Hector International Airport,Fargo,06:28,16,79.0,partly-cloudy-night,46.91935,-96.81499000000001,FAR,-6,ND,Partly Cloudy,-11.82
Syracuse Hancock International Airport,Syracuse,07:28,15,71.0,partly-cloudy-day,43.11119,-76.10631,SYR,-5,NY,Mostly Cloudy,9.46
Sioux Falls Regional Airport,Sioux Falls,06:28,15,75.0,partly-cloudy-night,43.58135,-96.7417,FSD,-6,SD,Partly Cloudy,-5.88
Fort Wayne International Airport,Fort Wayne,07:28,14,70.0,partly-cloudy-night,40.97847,-85.19515,FWA,-5,IN,Partly Cloudy,3.76
Columbia Metropolitan Airport,Columbia,07:28,14,95.0,partly-cloudy-day,33.93884,-81.11954,CAE,-5,SC,Partly Cloudy,9.45
Lafayette Regional Airport,Lafayette,06:28,14,91.0,fog,30.20528,-91.98765999999999,LFT,-6,LA,Foggy,21.58
Mobile Regional Airport,Mobile,06:28,14,94.0,clear-night,30.69142,-88.24283,MOB,-6,AL,Clear,18.47
Corpus Christi International Airport,Corpus Christi,06:28,13,95.0,partly-cloudy-night,27.770359999999997,-97.50121999999999,CRP,-6,TX,Partly Cloudy,21.22
Green Bay-Austin Straubel International Airport,Green Bay,06:28,13,69.0,wind,44.48507,-88.12959000000001,GRB,-6,WI,Breezy and Overcast,-0.59
Destin-Fort Walton Beach Airport/Eglin AFB,Valparaiso,06:28,13,95.0,clear-night,30.48325,-86.5254,VPS,-6,FL,Clear,17.93
Myrtle Beach International Airport,Myrtle Beach,07:28,13,96.0,partly-cloudy-day,33.67975,-78.92833,MYR,-5,SC,Mostly Cloudy,14.31
Bishop International Airport,Flint,07:28,13,68.0,partly-cloudy-night,42.9655,-83.74346,FNT,-5,MI,Mostly Cloudy,7.72
Portland International Jetport,Portland,07:28,13,82.0,cloudy,43.64617,-70.30875,PWM,-5,ME,Overcast,2.23
General Wayne A. Downing Peoria International Airport,Peoria,06:28,13,69.0,wind,40.66424,-89.69331,PIA,-6,IL,Breezy and Mostly Cloudy,-0.33
Lubbock Preston Smith International Airport,Lubbock,06:28,13,53.0,partly-cloudy-night,33.66364,-101.82278000000001,LBB,-6,TX,Partly Cloudy,0.29
Huntsville International Airport,Huntsville,06:28,12,87.0,cloudy,34.64045,-86.77311,HSV,-6,AL,Overcast,17.38
South Bend International Airport (South Bend Regional),South Bend,07:28,12,69.0,clear-night,41.70895,-86.31846999999999,SBN,-5,IN,Clear,2.92
Long Island MacArthur Airport,Islip,07:28,12,83.0,partly-cloudy-day,40.79524,-73.10021,ISP,-5,NY,Mostly Cloudy,10.24
Cyril E. King Airport,Charlotte Amalie,08:28,12,56.99999999999999,clear-day,18.337310000000002,-64.97336,STT,-4,VI,Clear,27.02
Rick Husband Amarillo International Airport,Amarillo,06:28,12,53.0,partly-cloudy-night,35.21937,-101.70593000000001,AMA,-6,TX,Partly Cloudy,-2.28
Chattanooga Metropolitan Airport (Lovell Field),Chattanooga,07:28,12,85.0,cloudy,35.035270000000004,-85.20379,CHA,-5,TN,Overcast,14.6
Juneau International Airport,Juneau,03:28,11,88.0,partly-cloudy-night,58.35496,-134.57628,JNU,-9,AK,Mostly Cloudy,3.18
Killeen-Fort Hood Regional Airport,Killeen,06:28,11,54.0,partly-cloudy-night,31.0649,-97.8278,GRK,-6,TX,Partly Cloudy,11.9
Evansville Regional Airport,Evansville,06:28,11,69.0,partly-cloudy-night,38.03799,-87.53063,EVV,-6,IN,Mostly Cloudy,5.97
Quad City International Airport,Moline,06:28,10,57.99999999999999,wind,41.44853,-90.50754,MLI,-6,IL,Breezy,-1.34
Eugene Airport (Mahlon Sweet Field),Eugene,04:28,10,99.0,partly-cloudy-night,44.123259999999995,-123.21869,EUG,-8,OR,Mostly Cloudy,0.04
Gulfport-Biloxi International Airport,Gulfport-Biloxi,06:28,10,93.0,clear-night,30.40728,-89.07009000000001,GPT,-6,MS,Clear,19.88
Bozeman Yellowstone International Airport (Gallatin Field Airport),Bozeman,05:28,10,79.0,partly-cloudy-night,45.7769,-111.15301000000001,BZN,-7,MT,Mostly Cloudy,-9.49
Atlantic City International Airport,Atlantic City,07:28,10,92.0,rain,39.45758,-74.57717,ACY,-5,NJ,Drizzle,11.85
Aspen-Pitkin County Airport,Aspen,05:28,10,72.0,clear-night,39.22316,-106.86885,ASE,-7,CO,Clear,-12.38
Jackson Hole Airport,Jackson,05:28,10,82.0,partly-cloudy-night,43.60732,-110.73773999999999,JAC,-7,WY,Mostly Cloudy,-10.12
Bismarck Municipal Airport,Bismarck,06:28,9,79.0,clear-night,46.77411,-100.74672,BIS,-6,ND,Clear,-11.42
McAllen-Miller International Airport (McAllen Miller International),McAllen,06:28,9,91.0,partly-cloudy-night,26.175829999999998,-98.23861,MFE,-6,TX,Mostly Cloudy,22.17
Sarasota-Bradenton International Airport,Sarasota,07:28,9,90.0,clear-day,27.395329999999998,-82.55411,SRQ,-5,FL,Clear,18.81
Harrisburg International Airport,Harrisburg,07:28,9,92.0,cloudy,40.1935,-76.7634,MDT,-5,PA,Overcast,7.91
Rapid City Regional Airport,Rapid City,05:28,9,49.0,partly-cloudy-night,44.045320000000004,-103.05736999999999,RAP,-7,SD,Mostly Cloudy,-1.33
Tallahassee International Airport,Tallahassee,07:28,9,98.0,partly-cloudy-day,30.39653,-84.35033,TLH,-5,FL,Partly Cloudy,13.53
Grand Junction Regional Airport (Walker Field),Grand Junction,05:28,9,56.99999999999999,clear-night,39.122409999999995,-108.52673,GJT,-7,CO,Clear,-6.34
Montgomery Regional Airport,Montgomery,06:28,9,92.0,partly-cloudy-night,32.30064,-86.39398,MGM,-6,AL,Mostly Cloudy,15.08
Alexandria International Airport,Alexandria,06:28,9,96.0,partly-cloudy-night,31.327370000000002,-92.54856,AEX,-6,LA,Mostly Cloudy,20.37
San Luis Obispo County Regional Airport (McChesney Field),San Luis Obispo,04:28,9,42.0,clear-night,35.23706,-120.64238999999999,SBP,-8,CA,Clear,10.15
Valley International Airport,Harlingen,06:28,8,95.0,partly-cloudy-night,26.228509999999996,-97.65439,HRL,-6,TX,Partly Cloudy,21.69
Burlington International Airport,Burlington,07:28,8,67.0,cloudy,44.473,-73.15031,BTV,-5,VT,Overcast,7.54
Monterey Regional Airport (Monterey Peninsula Airport),Monterey,04:28,8,52.0,clear-night,36.58698,-121.84295,MRY,-8,CA,Clear,5.02
Monroe Regional Airport,Monroe,06:28,8,98.0,rain,32.510870000000004,-92.03769,MLU,-6,LA,Light Rain,18.2
Billings Logan International Airport,Billings,05:28,8,59.0,partly-cloudy-night,45.80766,-108.54286,BIL,-7,MT,Mostly Cloudy,-1.37
Appleton International Airport,Appleton,06:28,8,68.0,wind,44.25741,-88.51948,ATW,-6,WI,Breezy and Overcast,-1.18
Trenton Mercer Airport,Trenton,07:28,8,90.0,partly-cloudy-day,40.27669,-74.81347,TTN,-5,NJ,Mostly Cloudy,9.58
Cherry Capital Airport,Traverse City,07:28,8,66.0,wind,44.741440000000004,-85.58224,TVC,-5,MI,Breezy and Overcast,3.28
Asheville Regional Airport,Asheville,07:29,8,80.0,cloudy,35.43619,-82.54181,AVL,-5,NC,Overcast,10.44
Central Illinois Regional Airport at Bloomington-Normal,Bloomington,06:29,7,77.0,partly-cloudy-night,40.477990000000005,-88.91595,BMI,-6,IL,Mostly Cloudy,-0.41
Gainesville Regional Airport,Gainesville,07:29,7,97.0,partly-cloudy-day,29.69006,-82.27178,GNV,-5,FL,Partly Cloudy,13.84
Meadows Field,Bakersfield,04:29,7,70.0,clear-night,35.4336,-119.05677,BFL,-8,CA,Clear,0.66
Lincoln Airport (Lincoln Municipal),Lincoln,06:29,7,46.0,clear-night,40.850970000000004,-96.75925,LNK,-6,NE,Clear,-3.04
Sloulin Field International Airport,Williston,06:29,7,80.0,partly-cloudy-night,48.17794,-103.64235,ISN,-6,ND,Mostly Cloudy,-9.44
Rogue Valley International Airport,Medford,04:29,7,85.0,partly-cloudy-night,42.37423,-122.8735,MFR,-8,OR,Mostly Cloudy,-0.89
Tri-Cities Airport,Pasco,04:29,7,96.0,clear-night,46.26468,-119.11903000000001,PSC,-8,WA,Clear,-4.41
Yeager Airport,Charleston,07:29,7,49.0,partly-cloudy-night,38.37315,-81.59319,CRW,-5,WV,Partly Cloudy,14.2
Brownsville/South Padre Island International Airport,Brownsville,06:29,6,93.0,partly-cloudy-night,25.90683,-97.42586,BRO,-6,TX,Partly Cloudy,22.9
Augusta Regional Airport (Bush Field),Augusta,07:29,6,92.0,cloudy,33.36996,-81.9645,AGS,-5,GA,Overcast,12.57
Abilene Regional Airport,Abilene,06:29,6,37.0,partly-cloudy-night,32.41132,-99.6819,ABI,-6,TX,Mostly Cloudy,7.14
Ketchikan International Airport,Ketchikan,03:29,6,93.0,rain,55.35556999999999,-131.71374,KTN,-9,AK,Light Rain,6.56
Easterwood Airport,College Station,06:29,6,86.0,partly-cloudy-night,30.588590000000003,-96.36381999999999,CLL,-6,TX,Mostly Cloudy,18.29
Tyler Pounds Regional Airport,Tyler,06:29,6,82.0,partly-cloudy-night,32.35414,-95.40239,TYR,-6,TX,Mostly Cloudy,10.05
Roanoke Regional Airport (Woodrum Field),Roanoke,07:29,6,85.0,partly-cloudy-day,37.32547,-79.97543,ROA,-5,VA,Partly Cloudy,5.21
Lehigh Valley International Airport,Allentown,07:29,6,89.0,partly-cloudy-day,40.652359999999994,-75.4404,ABE,-5,PA,Mostly Cloudy,8.75
Idaho Falls Regional Airport,Idaho Falls,05:29,6,89.0,cloudy,43.514559999999996,-112.07016999999999,IDA,-7,ID,Overcast,-7.3
Charlottesville-Albemarle Airport,Charlottesville,07:29,6,90.0,partly-cloudy-day,38.13864,-78.45286,CHO,-5,VA,Mostly Cloudy,3.73
Laredo International Airport,Laredo,06:29,6,95.0,fog,27.543740000000003,-99.46154,LRD,-6,TX,Foggy,19.72
Fairbanks International Airport,Fairbanks,03:29,6,98.0,partly-cloudy-night,64.81368,-147.85967,FAI,-9,AK,Mostly Cloudy,-7.63
Redmond Municipal Airport (Roberts Field),Redmond,04:29,6,80.0,clear-night,44.25407,-121.14996000000001,RDM,-8,OR,Clear,-7.02
University of Illinois - Willard Airport,Champaign/Urbana,06:29,6,72.0,partly-cloudy-night,40.03925,-88.27806,CMI,-6,IL,Partly Cloudy,2.28
Missoula International Airport,Missoula,05:29,6,69.0,cloudy,46.916309999999996,-114.09056000000001,MSO,-7,MT,Overcast,-2.73
Durango-La Plata County Airport,Durango,05:29,6,54.0,clear-night,37.15152,-107.75376999999999,DRO,-7,CO,Clear,-10.47
Rochester International Airport,Rochester,06:29,6,76.0,wind,43.90883,-92.49799,RST,-6,MN,Breezy and Partly Cloudy,-7.75
Elmira/Corning Regional Airport,Elmira,07:29,6,72.0,rain,42.159909999999996,-76.89144,ELM,-5,NY,Drizzle,9.13
Glacier Park International Airport,Kalispell,05:29,6,73.0,cloudy,48.3114,-114.25506999999999,FCA,-7,MT,Overcast,-2.21
Key West International Airport,Key West,07:29,5,81.0,clear-day,24.55611,-81.75956,EYW,-5,FL,Clear,24.04
Fort Smith Regional Airport,Fort Smith,06:29,5,53.0,partly-cloudy-night,35.33659,-94.36744,FSM,-6,AR,Partly Cloudy,5.73
Great Falls International Airport,Great Falls,05:29,5,64.0,partly-cloudy-night,47.482,-111.37069,GTF,-7,MT,Partly Cloudy,-3.02
Tri-Cities Regional Airport,Bristol,07:29,5,78.0,partly-cloudy-night,36.47521,-82.40742,TRI,-5,TN,Partly Cloudy,10.15
Yuma International Airport,Yuma,05:29,5,21.0,clear-night,32.65658,-114.60597,YUM,-7,AZ,Clear,10.09
Lake Charles Regional Airport,Lake Charles,06:29,5,96.0,partly-cloudy-night,30.1261,-93.2234,LCH,-6,LA,Partly Cloudy,20.43
Wilmington International Airport,Wilmington,07:29,5,99.0,partly-cloudy-day,34.27061,-77.90256,ILM,-5,NC,Mostly Cloudy,15.03
Minot International Airport,Minot,06:29,5,74.0,snow,48.25938,-101.28033,MOT,-6,ND,Light Snow,-12.16
Capital Region International Airport ( Lansing Capital City),Lansing,07:29,5,65.0,wind,42.7787,-84.58736,LAN,-5,MI,Breezy and Partly Cloudy,4.13
Kalamazoo/Battle Creek International Airport,Kalamazoo,07:29,5,68.0,partly-cloudy-night,42.23488,-85.55206,AZO,-5,MI,Partly Cloudy,3.44
St. George Regional Airport,St George,05:29,5,44.0,clear-night,37.090579999999996,-113.59306000000001,SGU,-7,UT,Clear,-1.02
Natrona County International Airport,Casper,05:29,5,57.99999999999999,clear-night,42.908359999999995,-106.46446999999999,CPR,-7,WY,Clear,-8.27
MBS International Airport,Saginaw,07:29,5,65.0,wind,43.53291,-84.07965,MBS,-5,MI,Windy,4.32
Duluth International Airport,Duluth,06:29,5,70.0,wind,46.84209,-92.19365,DLH,-6,MN,Breezy and Overcast,-8.63
Flagstaff Pulliam Airport,Flagstaff,05:29,5,38.0,clear-night,35.13845,-111.67121999999999,FLG,-7,AZ,Clear,-5.32
La Crosse Regional Airport,La Crosse,06:29,5,64.0,wind,43.87938,-91.25654,LSE,-6,WI,Breezy and Mostly Cloudy,-4.32
Manhattan Regional Airport,Manhattan,06:29,4,48.0,clear-night,39.14097,-96.67083000000001,MHK,-6,KS,Clear,-3.21
Fayetteville Regional Airport,Fayetteville,07:29,4,95.0,partly-cloudy-day,34.99147,-78.88,FAY,-5,NC,Mostly Cloudy,9.68
San Angelo Regional Airport (Mathis Field),San Angelo,06:29,4,37.0,partly-cloudy-night,31.35775,-100.49631,SJT,-6,TX,Mostly Cloudy,9.31
Waco Regional Airport,Waco,06:29,4,53.0,cloudy,31.611290000000004,-97.23052,ACT,-6,TX,Overcast,11.85
Abraham Lincoln Capital Airport,Springfield,06:29,4,70.0,partly-cloudy-night,39.84395,-89.67761999999999,SPI,-6,IL,Partly Cloudy,0.67
Santa Fe Municipal Airport,Santa Fe,05:29,4,56.00000000000001,partly-cloudy-night,35.61678,-106.08814,SAF,-7,NM,Partly Cloudy,-3.81
Daytona Beach International Airport,Daytona Beach,07:29,4,95.0,partly-cloudy-day,29.179920000000003,-81.05806,DAB,-5,FL,Partly Cloudy,17.17
Helena Regional Airport,Helena,05:29,4,68.0,clear-night,46.60682,-111.98275,HLN,-7,MT,Clear,-4.53
Central Wisconsin Airport,Mosinee,06:29,4,79.0,wind,44.77762,-89.66678,CWA,-6,WI,Breezy and Overcast,-4.41
Wilkes-Barre/Scranton International Airport,Wilkes-Barre/Scranton,07:29,4,84.0,partly-cloudy-day,41.33815,-75.72426999999999,AVP,-5,PA,Mostly Cloudy,8.81
Rafael Hernández Airport,Aguadilla,08:29,4,87.0,partly-cloudy-day,18.49486,-67.12944,BQN,-4,PR,Partly Cloudy,24.44
Sitka Rocky Gutierrez Airport,Sitka,03:29,4,78.0,rain,57.04714,-135.3616,SIT,-9,AK,Light Rain,6.17
Melbourne International Airport,Melbourne,07:29,4,90.0,partly-cloudy-day,28.10275,-80.64581,MLB,-5,FL,Partly Cloudy,19.97
Lawton-Fort Sill Regional Airport,Lawton,06:29,4,25.0,wind,34.56771,-98.41664,LAW,-6,OK,Breezy and Partly Cloudy,3.97
Arcata Airport,Arcata/Eureka,04:29,4,66.0,clear-night,40.978120000000004,-124.10862,ACV,-8,CA,Clear,5.08
Columbia Regional Airport,Columbia,06:29,4,65.0,partly-cloudy-night,38.818090000000005,-92.21963000000001,COU,-6,MO,Partly Cloudy,-1.68
Arnold Palmer Regional Airport,Latrobe,07:29,4,74.0,rain,40.275940000000006,-79.4048,LBE,-5,PA,Light Rain,8.84
Newport News/Williamsburg International Airport,Newport News,07:29,3,87.0,partly-cloudy-day,37.1319,-76.49299,PHF,-5,VA,Mostly Cloudy,13.43
Dothan Regional Airport,Dothan,06:29,3,96.0,partly-cloudy-night,31.321340000000003,-85.44963,DHN,-6,AL,Partly Cloudy,14.15
Eagle County Regional Airport,Eagle,05:29,3,75.0,clear-night,39.64257,-106.9177,EGE,-7,CO,Clear,-12.14
Wichita Falls Municipal Airport/Sheppard AFB,Wichita Falls,06:29,3,27.0,partly-cloudy-night,33.9888,-98.49189,SPS,-6,TX,Mostly Cloudy,5.29
Albert J. Ellis Airport,Jacksonville,07:29,3,96.0,partly-cloudy-day,34.829159999999995,-77.61214,OAJ,-5,NC,Partly Cloudy,14.91
Columbus Metropolitan Airport,Columbus,07:29,3,86.0,cloudy,32.516329999999996,-84.93885999999999,CSG,-5,GA,Overcast,15.4
Montrose Regional Airport,Montrose,05:29,3,72.0,clear-night,38.50887,-107.89383000000001,MTJ,-7,CO,Clear,-11.27
Gillette-Campbell County Airport,Gillette,05:29,3,67.0,partly-cloudy-night,44.3489,-105.53936000000002,GCC,-7,WY,Mostly Cloudy,-5.94
Texarkana Regional Airport (Webb Field),Texarkana,06:29,3,71.0,partly-cloudy-night,33.45371,-93.99101999999999,TXK,-6,AR,Mostly Cloudy,11.35
Roswell International Air Center,Roswell,05:29,3,41.0,partly-cloudy-night,33.301559999999995,-104.53056,ROW,-7,NM,Mostly Cloudy,4.44
Jack Brooks Regional Airport (Southeast Texas Regional),Beaumont/Port Arthur,06:29,3,94.0,partly-cloudy-night,29.95083,-94.02069,BPT,-6,TX,Partly Cloudy,20.59
Toledo Express Airport,Toledo,07:29,3,80.0,partly-cloudy-night,41.58681,-83.80783000000001,TOL,-5,OH,Mostly Cloudy,8.51
Friedman Memorial Airport,Hailey,05:29,3,77.0,clear-night,43.50484,-114.29659,SUN,-7,ID,Clear,-9.67
Rhinelander-Oneida County Airport,Rhinelander,06:29,3,75.0,wind,45.631190000000004,-89.46745,RHI,-6,WI,Breezy and Partly Cloudy,-4.49
Henry E. Rohlsen Airport,Christiansted,08:29,3,86.0,clear-day,17.70189,-64.79856,STX,-4,VI,Humid,26.43
Dickinson Theodore Roosevelt Regional Airport,Dickinson,05:29,3,75.0,partly-cloudy-night,46.79739,-102.80195,DIK,-7,ND,Partly Cloudy,-8.73
Valdosta Regional Airport,Valdosta,07:29,3,93.0,partly-cloudy-day,30.7825,-83.27672,VLD,-5,GA,Mostly Cloudy,14.11
Dubuque Regional Airport,Dubuque,06:29,3,63.0,wind,42.40296,-90.70917,DBQ,-6,IA,Breezy,-3.93
Golden Triangle Regional Airport,Columbus-Starkville-West Point,06:29,3,94.0,cloudy,33.45033,-88.59137,GTR,-6,MS,Overcast,17.84
University Park Airport,State College,07:29,2,80.0,rain,40.851209999999995,-77.8463,SCE,-5,PA,Light Rain,7.04
Meridian Regional Airport,Meridian,06:29,2,97.0,cloudy,32.33313,-88.75121,MEI,-6,MS,Overcast,18.39
Range Regional Airport (Chisholm-Hibbing Airport),Hibbing,06:29,2,72.0,snow,47.3866,-92.83899,HIB,-6,MN,Light Snow and Breezy,-9.81
Bethel Airport,Bethel,03:29,2,88.0,partly-cloudy-night,60.77978,-161.838,BET,-9,AK,Partly Cloudy,-1.47
Brunswick Golden Isles Airport,Brunswick,07:29,2,99.0,fog,31.25903,-81.46631,BQK,-5,GA,Foggy,15.18
Southwest Georgia Regional Airport,Albany,07:29,2,99.0,fog,31.53552,-84.19447,ABY,-5,GA,Foggy,12.44
Deadhorse Airport (Prudhoe Bay Airport),Deadhorse,03:29,2,82.0,cloudy,70.19476,-148.46516,SCC,-9,AK,Overcast,-14.83
Wiley Post-Will Rogers Memorial Airport,Barrow,03:29,2,79.0,partly-cloudy-night,71.28545,-156.766,BRW,-9,AK,Mostly Cloudy,-18.0
Magic Valley Regional Airport (Joslin Field),Twin Falls,05:29,2,82.0,clear-night,42.4818,-114.48773999999999,TWF,-7,ID,Clear,-6.54
Jamestown Regional Airport,Jamestown,06:29,2,84.0,wind,46.92972,-98.6782,JMS,-6,ND,Breezy,-13.48
Pellston Regional Airport of Emmet County,Pellston,07:29,2,70.0,wind,45.57093,-84.79672,PLN,-5,MI,Windy and Partly Cloudy,3.62
Mercedita Airport,Ponce,08:29,2,72.0,clear-day,18.0083,-66.56300999999999,PSE,-4,PR,Clear,26.75
Erie International Airport,Erie,07:29,2,76.0,rain,42.08202,-80.17622,ERI,-5,PA,Light Rain,10.19
Redding Municipal Airport,Redding,04:29,2,44.0,clear-night,40.50898,-122.2934,RDD,-8,CA,Clear,5.27
Grand Forks International Airport,Grand Forks,06:29,2,76.0,partly-cloudy-night,47.949259999999995,-97.17611,GFK,-6,ND,Partly Cloudy,-12.99
Bellingham International Airport,Bellingham,04:29,2,88.0,partly-cloudy-night,48.79275,-122.53753,BLI,-8,WA,Mostly Cloudy,0.44
Yampa Valley Airport (Yampa Valley Regional),Hayden,05:29,2,90.0,partly-cloudy-night,40.48118,-107.21766000000001,HDN,-7,CO,Partly Cloudy,-11.35
Stewart International Airport,Newburgh,07:29,2,87.0,partly-cloudy-day,41.504090000000005,-74.10484,SWF,-5,NY,Mostly Cloudy,8.34
Rock Springs-Sweetwater County Airport,Rock Springs,05:29,2,80.0,clear-night,41.59422,-109.06518999999999,RKS,-7,WY,Clear,-11.28
Aberdeen Regional Airport,Aberdeen,06:29,2,80.0,clear-night,45.449059999999996,-98.42183,ABR,-6,SD,Clear,-10.73
Chippewa Valley Regional Airport,Eau Claire,06:29,2,74.0,wind,44.86526,-91.48507,EAU,-6,WI,Breezy and Overcast,-5.29
Houghton County Memorial Airport,Hancock,07:29,2,89.0,wind,47.168420000000005,-88.48906,CMX,-5,MI,Windy and Foggy,-2.12
Bemidji Regional Airport,Bemidji,06:29,2,81.0,partly-cloudy-night,47.50942,-94.93372,BJI,-6,MN,Mostly Cloudy,-14.28
Bert Mooney Airport,Butte,05:29,2,77.0,partly-cloudy-night,45.9548,-112.49746,BTM,-7,MT,Mostly Cloudy,-8.98
Muskegon County Airport,Muskegon,07:29,2,71.0,cloudy,43.16949,-86.23822,MKG,-5,MI,Overcast,3.66
Joplin Regional Airport,Joplin,06:29,2,59.0,partly-cloudy-night,37.15181,-94.49826999999999,JLN,-6,MO,Partly Cloudy,-1.13
Barkley Regional Airport,Paducah,06:29,2,67.0,partly-cloudy-night,37.060829999999996,-88.77375,PAH,-6,KY,Mostly Cloudy,7.84
Yellowstone Regional Airport,Cody,05:29,2,53.0,clear-night,44.52019,-109.0238,COD,-7,WY,Clear,-4.48
Santa Maria Public Airport (Capt G. Allan Hancock Field),Santa Maria,04:29,2,42.0,clear-night,34.89925,-120.45758000000001,SMX,-8,CA,Clear,8.4
Wrangell Airport,Wrangell,03:29,2,86.0,rain,56.48433000000001,-132.36982,WRG,-9,AK,Drizzle,4.47
Petersburg James A. Johnson Airport,Petersburg,03:29,2,88.0,partly-cloudy-night,56.80165,-132.94528,PSG,-9,AK,Partly Cloudy,2.34
Garden City Regional Airport,Garden City,06:29,2,54.0,clear-night,37.92752,-100.72440999999999,GCK,-6,KS,Clear,-5.59
Ralph Wien Memorial Airport,Kotzebue,03:29,2,92.0,partly-cloudy-night,66.88468,-162.59855,OTZ,-9,AK,Partly Cloudy,-6.61
Worcester Regional Airport,Worcester,07:29,2,91.0,partly-cloudy-day,42.267340000000004,-71.87571,ORH,-5,MA,Partly Cloudy,2.69
Nome Airport,Nome,03:29,2,94.0,fog,64.5122,-165.44525,OME,-9,AK,Foggy,-2.24
Yakutat Airport,Yakutat,03:29,2,82.0,partly-cloudy-night,59.50336,-139.66023,YAK,-9,AK,Mostly Cloudy,3.91
Merle K. (Mudhole) Smith Airport,Cordova,03:29,2,82.0,partly-cloudy-night,60.49183000000001,-145.47765,CDV,-9,AK,Mostly Cloudy,3.33
Pocatello Regional Airport,Pocatello,05:29,2,82.0,partly-cloudy-night,42.91131,-112.59586000000002,PIH,-7,ID,Mostly Cloudy,-6.44
East Texas Regional Airport,Longview,06:29,2,84.0,rain,32.384859999999996,-94.71171,GGG,-6,TX,Light Rain,11.47
McClellan-Palomar Airport,San Diego,04:29,2,25.0,clear-night,33.12723,-117.27873000000001,CLD,-8,CA,Clear,10.34
Central Nebraska Regional Airport,Grand Island,06:29,2,54.0,clear-night,40.96747,-98.30861,GRI,-6,NE,Clear,-4.56
Sioux Gateway Airport,Sioux City,06:29,2,67.0,clear-night,42.4026,-96.38436999999999,SUX,-6,IA,Clear,-4.21
Ford Airport,Iron Mountain/Kingsford,06:29,2,75.0,wind,45.81835,-88.11454,IMT,-6,MI,Breezy and Partly Cloudy,-2.31
Waterloo Regional Airport,Waterloo,06:29,2,63.0,clear-night,42.55708,-92.40034,ALO,-6,IA,Clear,-4.49
Chippewa County International Airport,Sault Ste. Marie,07:29,2,81.0,wind,46.25075,-84.47239,CIU,-5,MI,Windy and Mostly Cloudy,4.53
Brainerd Lakes Regional Airport,Brainerd,06:29,2,66.0,wind,46.397859999999994,-94.13723,BRD,-6,MN,Breezy and Mostly Cloudy,-9.91
Lewiston-Nez Perce County Airport,Lewiston,04:29,2,76.0,clear-night,46.3745,-117.01539,LWS,-8,ID,Clear,-2.1
Laramie Regional Airport,Laramie,05:29,2,61.0,clear-night,41.31205,-105.67499,LAR,-7,WY,Clear,-10.19
Coastal Carolina Regional Airport (Craven County Regional),New Bern,07:30,2,94.0,rain,35.07297,-77.04294,EWN,-5,NC,Drizzle,15.12
Falls International Airport,International Falls,06:30,2,81.0,wind,48.56619,-93.40307,INL,-6,MN,Breezy and Foggy,-11.98
Delta County Airport,Escanaba,07:30,2,72.0,wind,45.72267,-87.09373000000001,ESC,-5,MI,Breezy and Overcast,1.82
Hattiesburg-Laurel Regional Airport,Hattiesburg-Laurel,06:30,2,93.0,partly-cloudy-night,31.46715,-89.33706,PIB,-6,MS,Partly Cloudy,19.08
Hays Regional Airport,Hays,06:30,2,61.0,clear-night,38.84494,-99.27403000000001,HYS,-6,KS,Clear,-6.31
Cedar City Regional Airport,Cedar City,05:30,2,81.0,clear-night,37.70097,-113.09858,CDC,-7,UT,Clear,-11.68
Alpena County Regional Airport,Alpena,07:30,2,57.99999999999999,wind,45.078070000000004,-83.56029000000001,APN,-5,MI,Breezy and Partly Cloudy,9.14
Lea County Regional Airport,Hobbs,05:30,2,43.0,partly-cloudy-night,32.687529999999995,-103.21703000000001,HOB,-7,NM,Partly Cloudy,2.86
Elko Regional Airport,Elko,04:30,1,93.0,clear-night,40.82493,-115.7917,EKO,-8,NV,Clear,-13.78
Devils Lake Regional Airport,Devils Lake,06:30,1,78.0,wind,48.11425,-98.90878000000001,DVL,-6,ND,Breezy,-14.03
Gunnison-Crested Butte Regional Airport,Gunnison,05:30,1,92.0,clear-night,38.53396,-106.93318000000001,GUC,-7,CO,Clear,-17.21
Nantucket Memorial Airport,Nantucket,07:30,1,82.0,partly-cloudy-day,41.25305,-70.06018,ACK,-5,MA,Partly Cloudy,6.03
Kodiak Airport,Kodiak,03:30,1,91.0,sleet,57.74997,-152.49386,ADQ,-9,AK,Light Sleet,2.18
Bangor International Airport,Bangor,07:30,1,86.0,partly-cloudy-day,44.80744,-68.82814,BGR,-5,ME,Mostly Cloudy,-0.05
Guam International Airport,Agana,02:30,1,81.0,partly-cloudy-night,13.48345,-144.79598000000001,GUM,-10,GU,Mostly Cloudy,24.82
Niagara Falls International Airport,Niagara Falls,07:30,1,86.0,rain,43.10726,-78.94538,IAG,-5,NY,Rain,8.82
Sawyer International Airport,Marquette,07:30,1,85.0,wind,46.353640000000006,-87.39536,MQT,-5,MI,Breezy and Partly Cloudy,-1.77
Southwest Oregon Regional Airport (North Bend Municipal),North Bend,04:30,1,91.0,clear-night,43.41714,-124.24603,OTH,-8,OR,Clear,2.18
Pueblo Memorial Airport,Pueblo,05:30,1,66.0,clear-night,38.28909,-104.49656999999999,PUB,-7,CO,Clear,-8.54
Greater Binghamton Airport,Binghamton,07:30,1,79.0,partly-cloudy-day,42.20848,-75.97961,BGM,-5,NY,Mostly Cloudy,8.03
